{
  "version": 1,
  "author": "Yasintha Alawathugoda",
  "editor": "wokwi",
  "parts": [
    { "type": "wokwi-esp32-devkit-v1", "id": "esp", "top": 169.9, "left": -672.54, "attrs": {} },
    {
      "type": "wokwi-lcd1602",
      "id": "lcd1",
      "top": -23.67,
      "left": -441.41,
      "attrs": { "pins": "i2c" }
    },
    {
      "type": "wokwi-membrane-keypad",
      "id": "keypad1",
      "top": -226.93,
      "left": -1034.17,
      "attrs": {}
    },
    {
      "type": "wokwi-pir-motion-sensor",
      "id": "pir1",
      "top": 354.1,
      "left": -1036.13,
      "attrs": {}
    },
    { "type": "wokwi-servo", "id": "servo1", "top": 269.91, "left": -303.91, "attrs": {} }
  ],
  "connections": [
    [ "esp:TX0", "$serialMonitor:RX", "", [] ],
    [ "esp:RX0", "$serialMonitor:TX", "", [] ],
    [ "lcd1:GND", "esp:GND.1", "black", [ "h-77.71", "v299.53" ] ],
    [ "lcd1:VCC", "esp:3V3", "red", [ "h-65.74", "v306.51" ] ],
    [ "lcd1:SCL", "esp:D22", "green", [ "h-100.18", "v161.73" ] ],
    [ "esp:D21", "lcd1:SDA", "green", [ "h40.64", "v-207.66" ] ],
    [ "keypad1:C4", "esp:D32", "green", [ "v0" ] ],
    [ "keypad1:C3", "esp:D33", "green", [ "v0" ] ],
    [ "keypad1:C2", "esp:D25", "green", [ "v0" ] ],
    [ "keypad1:C1", "esp:D26", "green", [ "v0" ] ],
    [ "keypad1:R4", "esp:D27", "green", [ "v0" ] ],
    [ "keypad1:R3", "esp:D14", "green", [ "v0" ] ],
    [ "keypad1:R2", "esp:D12", "green", [ "v0" ] ],
    [ "keypad1:R1", "esp:D13", "green", [ "v0" ] ],
    [ "pir1:VCC", "esp:3V3", "red", [ "v29.1", "h498.58", "v-149.27" ] ],
    [ "pir1:GND", "esp:GND.2", "black", [ "v11.84", "h260.8", "v-140.13" ] ],
    [ "pir1:OUT", "esp:D15", "green", [ "v19.96", "h452.29", "v-171.61" ] ],
    [ "servo1:GND", "esp:GND.1", "black", [ "h0" ] ],
    [ "servo1:V+", "esp:3V3", "green", [ "h0" ] ],
    [ "servo1:PWM", "esp:D19", "green", [ "h-137.82", "v-89.7" ] ]
  ],
  "dependencies": {}
}